word,count
如果,4
你,22
受邀,2
在,8
一場,1
研討會,1
或,4
活動裡,1
演講,17
，,80
很,4
可能,3
是,7
因為,3
已,2
展現,1
某個,2
領域,1
的,63
專業,3
。,24
為,1
了,2
讓,5
觀眾,1
有,4
絕佳,1
體驗,1
通常,2
會,6
把,4
重心,1
放在,1
主辦,3
人,9
指定,1
主題,3
也,6
就是,2
中,2
「,3
最精華,1
」,3
部分,2
但,4
每次,1
都講,1
完全,2
一樣,2
內容,19
就,9
碰到,1
麻煩,1
：,1
有些,2
聽眾,14
對,3
比較,1
有共鳴,1
另,2
一些,5
沒什麼,1
感覺,1
；,1
之前,3
聽過,1
再,1
聽,1
到,3
感到,2
無聊,2

,16
那麼,1
該,1
如何,2
達到,1
最佳,1
平衡,2
並,1
有效,1
地,3
不同,2
發表類,1
似內容,1
？,1
身為,1
專業演,1
講人,1
我,13
每年,1
都,2
進行,1
三十,1
至,1
五十,1
場有,1
酬勞,1
以下,1
提供,1
從,1
過往,1
經驗,1
發現,2
三個,1
策略,2
可協助,1
打造,1
成功,2
背景,2
各異,1
能產,1
生共鳴,1
首先,1
一個,2
有用,1
做法,1
看成,2
模組,5
可依,1
需要,2
而,1
移動,1
和,2
重組,2
曾,1
幫,1
某位,1
總統候,1
選人,1
競選,1
擔任,1
高層,1
溝通,2
部門,1
人員,1
這位,1
候選人,1
競選演,1
講裡,1
會用,1
標準,4
段落,1
基本上,1
針對,2
某些,1
大段,1
獨白,1
像是,2
學費,1
更,5
負擔,1
得,1
起,1
高等教育,1
或是,6
他,4
美國,1
聯邦,1
醫療,1
保險,1
計畫,1
（,1
Medicare,1
）,1
改革方案,1
等,2
隨著,1
時間,2
過去,1
非常,1
放心,1
運用,3
這些,6
演練,1
多次,1
當他,1
回答,1
問題,1
可以,3
安心,1
經常,1
重新,1
組合,1
以,2
符合,3
需求,1
避免,1
自己,2
一天,1
最多得,1
發表六場,1
不要,1
不可分割,1
整體,1
而應,1
它,1
當成,1
12,1
15,1
段,1
各約數,1
分鐘,1
講稿,2
這麼,1
一來,1
能,3
構思新,1
方式,2
來,8
重新安排,1
順序,1
以便,1
情境,1
所,1
需,1
第二,1
重要,1
應該,1
先,1
充分,1
了解,3
這,1
容易,2
做到,1
與,4
活動,1
透過,2
電子,1
郵件,1
電話,1
即可,1
應,1
人口,1
特性,2
心理,1
資訊,1
挑選,1
最,2
直接,1
生活,1
特別,3
留意,1
是否,2
屬,1
於,2
特定,2
年齡層,1
性別,1
例如,1
主要,1
人士,1
女性,1
高階,1
主管,1
大學剛,1
畢業,1
新,2
鮮人,1
還有,1
他們,7
地理,1
區域,1
、,2
職能,1
角色,1
產業,1
上,1
任何,1
共同,1
點,1
舉例,2
說,2
城市,1
發,3
表演,2
講時,1
提到,2
書裡,1
提及,1
自,1
這個,1
地區,1
好,1
那些,3
例子,1
裡的,1
人物,1
建立,1
關聯性,1
同樣,1
一群,1
剛升職,1
經理,1
強調,2
處,1
類似,1
情況,2
故事,1
最近,1
才,1
歷經,1
人生,1
大轉變,1
換,1
工作,2
後,2
若要,1
調整,2
關鍵,1
因素,1
弄清楚,1
委,1
託,1
預期,1
達,1
結果,3
會議,1
單位,1
並不,1
只是,1
請,1
填補,1
一小,1
時,1
一定,1
會有,1
許多,1
省,1
錢,1
填時間,1
相反,1
想要,1
協助員,1
工學會,1
加強,1
創業,1
精神,1
資深,1
領導,1
人工智慧,1
趨勢,1
知道,2
目標,1
之,1
選擇,1
要,2
採用,2
演講稿,2
當中,1
哪些,1
以及,1
展出,1
客,1
製,2
化,1
素材,1
增加,1
去年,1
家,1
藥,1
公司,1
邀請,1
去,1
希望,1
演講時,1
納入,1
講過,1
許多以,1
創新為,1
要點,1
多,1
協同,1
重要性,1
企業,1
文化,1
若,1
沒,1
跨部門,1
合作,1
新構,1
想,1
無法,1
好好,1
發揮,1
因此,1
除了,1
大量,1
加,1
適合,2
當你,1
講,1
內容應,1
包含,1
相當,1
訊息,2
多年,1
知識,1
強化,1
同時,1
必須,1
適度,1
那場,1
找到,1
適當,1
傳達,1
獨特價值,1
資訊給,1
